{"0":{"HCSOBP_2015-2017":-0.0161788147,"DIS_2015-2019":0.1837944239,"HCSOHSP_2016-2018":0.5369461775,"HCSNSP_2016-2018":0.2869920135,"EDE_2015-2019":-0.2596518695,"UMP_2015-2019":-0.9160758257,"HCSPAP_2015-2017":-0.9867123365,"LEQ_2015-2019":0.0915007889,"VRALR_2015-2019":-0.3141120076,"VRDIDR_2015-2019":-0.3075322509,"VRDO_2015-2019":0.3238792121,"VRSUR_2015-2019":-0.5022035241,"VRCAR_2015-2019":6.3519363403,"VRLE_2019":-3.5621352196,"POP_2015-2019":0.8645451665,"VRDI_2015-2019":-1.6936764717}}